{
      "speed_fw": 30,
      "speed_bw": 30,
      "angle_fw": 30,
      "angle_bw": 45,
      "offtrack_fw": 8,
      "offtrack_bw": 30,
      "ir_intervall": 0.005,
      "turning_offset": 0,
      "forward_A": 0,
      "forward_B": 0,
      "ir_references": [
            291.67499999999995,
            289.755,
            287.995,
            292.03999999999996,
            288.115
      ],
      "frame_width" : 320,
      "frame_height" : 240    ,
      "hsv_low": [60,40,40],
      "hsv_high": [120,255,255],
      "point_1": [0, 80], 
      "point_2": [25, 33],
      "point_3": [75, 33],
      "point_4": [100, 80],
      "hough_min_threshold": 5,
      "max_angle_change_1": 2,
      "max_angle_change_2": 5            
}