{
      "speed_fw": 30,
      "speed_bw": 30,
      "angle_fw": 30,
      "angle_bw": 45,
      "offtrack_fw": 8,
      "offtrack_bw": 30,
      "ir_intervall": 0.005,
      "turning_offset": 0,
      "forward_A": 0,
      "forward_B": 0,
      "ir_references": [
            291.67499999999995,
            289.755,
            287.995,
            292.03999999999996,
            288.115
      ]
}