{"turning_offset": 7, "forward_A": 0, "forward_B": 0, "ir_references": [83.34, 90.555, 84.96000000000001, 104.52000000000001, 89.225]}