{"turning_offset": -15, "forward_A": 0, "forward_B": 0, "ir_references": [120.94500000000001, 141.45499999999998, 134.9, 129.47, 129.985]}